week_start,rank,gateway_id,hybrid_score,ml_probability,baseline_score,ml_percentile,baseline_percentile
2026-02-02 00:00:00+00:00,1,064AED1EC0AA,0.9917168674698795,0.0945998227956296,26.0,0.9909638554216867,0.9939759036144579
2026-02-02 00:00:00+00:00,2,0E1B6F4DBA34,0.9894578313253012,0.0823904835678842,26.0,0.9879518072289156,0.9939759036144579
2026-02-02 00:00:00+00:00,3,06F2CDBD2C41,0.987198795180723,0.13769908833346986,19.0,0.9939759036144579,0.9668674698795181
2026-02-02 00:00:00+00:00,4,06F49BD8F572,0.9871987951807228,0.0804151888330907,26.0,0.9849397590361446,0.9939759036144579
2026-02-02 00:00:00+00:00,5,0EF023E6452D,0.9743975903614457,0.03175047179459467,23.0,0.9698795180722891,0.9879518072289156
2026-02-02 00:00:00+00:00,6,0EE09EDA649F,0.9646084337349398,0.025328802626685368,19.0,0.963855421686747,0.9668674698795181
2026-02-02 00:00:00+00:00,7,0A2778A31BE3,0.963855421686747,0.022333226391046,43.0,0.9518072289156626,1.0
2026-02-02 00:00:00+00:00,8,0AB6B45C775A,0.954066265060241,0.023580079311258155,16.0,0.9578313253012049,0.9427710843373494
2026-02-02 00:00:00+00:00,9,0E9DC914D8DF,0.9499246987951807,0.02547801883593106,13.0,0.9668674698795181,0.8990963855421686
2026-02-02 00:00:00+00:00,10,061A4322745C,0.947289156626506,0.02224301561268336,16.0,0.9487951807228916,0.9427710843373494
2026-02-02 00:00:00+00:00,11,02423E0E6E9F,0.9446536144578312,0.15960427437195887,9.0,0.9969879518072289,0.7876506024096386
2026-02-02 00:00:00+00:00,12,0A4E33E2692B,0.9439006024096386,0.015228708887167316,22.0,0.9307228915662651,0.983433734939759
2026-02-02 00:00:00+00:00,13,0A1FB1C98A92,0.9284638554216867,0.011182582442622076,19.0,0.9156626506024096,0.9668674698795181
2026-02-02 00:00:00+00:00,14,0A7AC5BDAF86,0.9194277108433735,0.009585591832006666,19.0,0.9036144578313253,0.9668674698795181
2026-02-02 00:00:00+00:00,15,0AD276FC5E27,0.9175451807228916,0.024675060228549296,9.0,0.9608433734939759,0.7876506024096386
2026-02-09 00:00:00+00:00,1,0A4E33E2692B,0.9913403614457831,0.0026607791796853172,19.0,0.9969879518072289,0.9743975903614458
2026-02-09 00:00:00+00:00,2,0A1FB1C98A92,0.9849397590361446,0.0015843568513397679,21.0,0.9849397590361446,0.9849397590361446
2026-02-09 00:00:00+00:00,3,0EE071F7B24A,0.9743975903614458,0.004455985708671986,13.0,1.0,0.8975903614457831
2026-02-09 00:00:00+00:00,4,06787526FEB3,0.9597138554216867,0.00110060737597515,16.0,0.9608433734939759,0.9563253012048193
2026-02-09 00:00:00+00:00,5,02DC03A0F1E6,0.954066265060241,0.0013602969601155084,13.0,0.9728915662650602,0.8975903614457831
2026-02-09 00:00:00+00:00,6,02F98EB34A7A,0.9457831325301205,0.0009593998825094606,14.0,0.9548192771084337,0.9186746987951807
2026-02-09 00:00:00+00:00,7,02D7623552C8,0.9435240963855421,0.000937056641463393,14.0,0.9518072289156626,0.9186746987951807
2026-02-09 00:00:00+00:00,8,0A2778A31BE3,0.9375,0.0012913898037126101,11.0,0.9698795180722891,0.8403614457831325
2026-02-09 00:00:00+00:00,9,0A68F38A6ACF,0.9344879518072289,0.0006907175643424875,40.0,0.9126506024096386,1.0
2026-02-09 00:00:00+00:00,10,0AA296FF247D,0.9299698795180723,0.0006853326560432358,22.0,0.9096385542168675,0.9909638554216867
2026-02-09 00:00:00+00:00,11,0E4CE5FB4405,0.9277108433734939,0.0015032563098401582,9.0,0.9789156626506024,0.7740963855421686
2026-02-09 00:00:00+00:00,12,0AB6B45C775A,0.9156626506024097,0.0007634391696939603,13.0,0.9216867469879518,0.8975903614457831
2026-02-09 00:00:00+00:00,13,06F2CDBD2C41,0.9141566265060241,0.0025614976126233807,7.0,0.9939759036144579,0.6746987951807228
2026-02-09 00:00:00+00:00,14,0A800188C20F,0.9092620481927711,0.0012430856373260044,8.0,0.9668674698795181,0.7364457831325302
2026-02-09 00:00:00+00:00,15,0AF8DCB98E4B,0.8983433734939759,0.000830207232271753,9.0,0.9397590361445783,0.7740963855421686
2026-02-16 00:00:00+00:00,1,0228A99EE35A,0.9789156626506024,0.0015585026632325867,35.0,0.9728915662650602,0.9969879518072289
2026-02-16 00:00:00+00:00,2,0E2DEE345837,0.9728915662650602,0.004748999737483411,15.0,0.9969879518072289,0.9006024096385542
2026-02-16 00:00:00+00:00,3,065B928716CD,0.9728915662650602,0.001449527427009239,31.0,0.9668674698795181,0.9909638554216867
2026-02-16 00:00:00+00:00,4,0E1B6F4DBA34,0.9698795180722891,0.002246576544904281,16.0,0.9879518072289156,0.9156626506024096
2026-02-16 00:00:00+00:00,5,02D49A34B2FE,0.9668674698795181,0.0013080066355217136,29.0,0.9608433734939759,0.9849397590361446
2026-02-16 00:00:00+00:00,6,0AA2F2CAB50B,0.9661144578313252,0.0018199886866702758,17.0,0.9789156626506024,0.927710843373494
2026-02-16 00:00:00+00:00,7,0A6D3595373D,0.954066265060241,0.004908325433011791,11.0,1.0,0.8162650602409639
2026-02-16 00:00:00+00:00,8,0A68F38A6ACF,0.954066265060241,0.0008910916025572028,30.0,0.9427710843373494,0.9879518072289156
2026-02-16 00:00:00+00:00,9,0AA4B065E5A5,0.9480421686746987,0.0009419985457763251,19.0,0.9457831325301205,0.9548192771084337
2026-02-16 00:00:00+00:00,10,0A4E33E2692B,0.9431475903614458,0.000822592689784861,25.0,0.9307228915662651,0.9804216867469879
2026-02-16 00:00:00+00:00,11,0A2778A31BE3,0.9333584337349399,0.0010716277618197704,13.0,0.9578313253012049,0.8599397590361446
2026-02-16 00:00:00+00:00,12,02D7623552C8,0.922816265060241,0.0015071269820776132,10.0,0.9698795180722891,0.7816265060240963
2026-02-16 00:00:00+00:00,13,06F2CDBD2C41,0.9198042168674699,0.0026627223845140436,8.0,0.9939759036144579,0.697289156626506
2026-02-16 00:00:00+00:00,14,0E5303C82FCB,0.9164156626506025,0.0007913118845297475,15.0,0.9216867469879518,0.9006024096385542
2026-02-16 00:00:00+00:00,15,0AA296FF247D,0.9149096385542168,0.0005980065473109936,32.0,0.8885542168674698,0.9939759036144579
2026-02-23 00:00:00+00:00,1,065B928716CD,0.9811746987951807,0.0022805321731587717,19.0,0.9909638554216867,0.9518072289156626
2026-02-23 00:00:00+00:00,2,0E69C64B6E57,0.9800451807228916,0.0016849841256368482,25.0,0.9819277108433735,0.9743975903614458
2026-02-23 00:00:00+00:00,3,06238EE3BE6C,0.976656626506024,0.0011800097980513018,38.0,0.9698795180722891,0.9969879518072289
2026-02-23 00:00:00+00:00,4,0EE51B79E853,0.9623493975903614,0.002043224053106562,14.0,0.9879518072289156,0.8855421686746988
2026-02-23 00:00:00+00:00,5,0A4E33E2692B,0.9548192771084336,0.0008028932661549316,26.0,0.9457831325301205,0.9819277108433735
2026-02-23 00:00:00+00:00,6,02043B6BA08B,0.9544427710843373,0.0018214171796845067,13.0,0.9849397590361446,0.8629518072289156
2026-02-23 00:00:00+00:00,7,0A6D3595373D,0.9484186746987953,0.001098070000947733,16.0,0.9578313253012049,0.9201807228915663
2026-02-23 00:00:00+00:00,8,02D7623552C8,0.9480421686746987,0.000753926123547743,28.0,0.9337349397590361,0.9909638554216867
2026-02-23 00:00:00+00:00,9,0283A18685C4,0.9435240963855421,0.005681406531200103,10.0,1.0,0.7740963855421686
2026-02-23 00:00:00+00:00,10,0A3983033084,0.940512048192771,0.000758087004876666,19.0,0.9367469879518072,0.9518072289156626
2026-02-23 00:00:00+00:00,11,0E61D34F9993,0.9322289156626506,0.0011538615366066568,12.0,0.963855421686747,0.8373493975903614
2026-02-23 00:00:00+00:00,12,02D49A34B2FE,0.9307228915662651,0.0007173836959059733,21.0,0.9186746987951807,0.9668674698795181
2026-02-23 00:00:00+00:00,13,0228A99EE35A,0.9141566265060241,0.0005412716374429889,39.0,0.8855421686746988,1.0
2026-02-23 00:00:00+00:00,14,0230D261A1CD,0.9134036144578312,0.0005715384549823072,19.0,0.9006024096385542,0.9518072289156626
2026-02-23 00:00:00+00:00,15,0AE6BF39C720,0.9028614457831325,0.0007314491984177433,12.0,0.9246987951807228,0.8373493975903614
2026-03-02 00:00:00+00:00,1,0A8407CF4D85,0.9887048192771084,0.0015461592192435052,22.0,0.9909638554216867,0.9819277108433735
2026-03-02 00:00:00+00:00,2,028B24EADDAD,0.9864457831325301,0.0013979080435957661,25.0,0.9849397590361446,0.9909638554216867
2026-03-02 00:00:00+00:00,3,0EF023E6452D,0.9661144578313253,0.0009406454728775607,30.0,0.9548192771084337,1.0
2026-03-02 00:00:00+00:00,4,02D49A34B2FE,0.9646084337349398,0.001068167809733325,20.0,0.9608433734939759,0.9759036144578314
2026-03-02 00:00:00+00:00,5,06F170E6BB03,0.9608433734939759,0.0012649677259298552,14.0,0.9759036144578314,0.9156626506024096
2026-03-02 00:00:00+00:00,6,024DD3A9ADCA,0.9536897590361446,0.0008188684018595425,29.0,0.9397590361445783,0.9954819277108434
2026-03-02 00:00:00+00:00,7,060EE3CB4779,0.9506777108433735,0.000845900433080704,18.0,0.9457831325301205,0.9653614457831325
2026-03-02 00:00:00+00:00,8,0AFFC263C0D9,0.9356174698795181,0.0008707033630204325,13.0,0.9487951807228916,0.8960843373493976
2026-03-02 00:00:00+00:00,9,0228A99EE35A,0.9356174698795181,0.000611150637622689,24.0,0.9186746987951807,0.9864457831325302
2026-03-02 00:00:00+00:00,10,02D7623552C8,0.924698795180723,0.0013200067551314193,9.0,0.9819277108433735,0.7530120481927711
2026-03-02 00:00:00+00:00,11,0A5D017E401E,0.9167921686746988,0.002869878097594836,7.0,1.0,0.6671686746987951
2026-03-02 00:00:00+00:00,12,02E12310186C,0.9130271084337349,0.0005741772772381055,15.0,0.9066265060240963,0.9322289156626506
2026-03-02 00:00:00+00:00,13,0A68A2032450,0.9122740963855422,0.0020310636715594986,7.0,0.9939759036144579,0.6671686746987951
2026-03-02 00:00:00+00:00,14,0A6D3595373D,0.911144578313253,0.0006875298477237439,12.0,0.9246987951807228,0.8704819277108434
2026-03-02 00:00:00+00:00,15,0EE317BA7C52,0.9051204819277108,0.0006943061182185145,11.0,0.927710843373494,0.8373493975903614
2026-03-09 00:00:00+00:00,1,028B24EADDAD,0.9879518072289157,0.0035851292192334862,20.0,0.9939759036144579,0.9698795180722891
2026-03-09 00:00:00+00:00,2,06C77FEA9550,0.9845632530120482,0.002350782346296566,21.0,0.9879518072289156,0.9743975903614458
2026-03-09 00:00:00+00:00,3,024DD3A9ADCA,0.9819277108433734,0.002017138776751154,24.0,0.9789156626506024,0.9909638554216867
2026-03-09 00:00:00+00:00,4,0EDC7177CCA9,0.9725150602409639,0.002220470021034947,15.0,0.9819277108433735,0.9442771084337349
2026-03-09 00:00:00+00:00,5,06AA1DE70CBF,0.9661144578313253,0.0025310918605363085,12.0,0.9909638554216867,0.891566265060241
2026-03-09 00:00:00+00:00,6,069357B9F15F,0.9525602409638554,0.004534030609458516,9.0,1.0,0.8102409638554217
2026-03-09 00:00:00+00:00,7,065B928716CD,0.9506777108433735,0.0010384820190475251,14.0,0.9578313253012049,0.9292168674698795
2026-03-09 00:00:00+00:00,8,0A4C884F240A,0.9439006024096386,0.0009670993910166234,13.0,0.9548192771084337,0.911144578313253
2026-03-09 00:00:00+00:00,9,0EF023E6452D,0.9412650602409638,0.0023081067798026568,9.0,0.9849397590361446,0.8102409638554217
2026-03-09 00:00:00+00:00,10,023270320B57,0.9386295180722891,0.004280675958851625,8.0,0.9969879518072289,0.7635542168674698
2026-03-09 00:00:00+00:00,11,022476A1B657,0.9231927710843373,0.0012353480394666993,9.0,0.9608433734939759,0.8102409638554217
2026-03-09 00:00:00+00:00,12,0A56038B20D0,0.9213102409638554,0.0006798773487596521,14.0,0.9186746987951807,0.9292168674698795
2026-03-09 00:00:00+00:00,13,06F170E6BB03,0.9213102409638554,0.0006029700670749335,21.0,0.9036144578313253,0.9743975903614458
2026-03-09 00:00:00+00:00,14,0AFFC263C0D9,0.9164156626506024,0.0009484411451898404,9.0,0.9518072289156626,0.8102409638554217
2026-03-09 00:00:00+00:00,15,0A184A2E46B7,0.9096385542168675,0.000718832090216082,11.0,0.9246987951807228,0.8644578313253012
2026-03-16 00:00:00+00:00,1,0A182EFD3C61,0.9887048192771084,0.002579247726766251,40.0,0.9849397590361446,1.0
2026-03-16 00:00:00+00:00,2,028B24EADDAD,0.9823042168674698,0.002599979777249709,17.0,0.9879518072289156,0.9653614457831325
2026-03-16 00:00:00+00:00,3,06AEE181F595,0.973644578313253,0.0015267302892783957,18.0,0.9728915662650602,0.9759036144578314
2026-03-16 00:00:00+00:00,4,06F170E6BB03,0.96875,0.00148788307788381,17.0,0.9698795180722891,0.9653614457831325
2026-03-16 00:00:00+00:00,5,0A800188C20F,0.9679969879518073,0.003610442962514836,12.0,0.9939759036144579,0.8900602409638554
2026-03-16 00:00:00+00:00,6,02091DF7CCB8,0.9548192771084337,0.00473652493802216,10.0,0.9969879518072289,0.8283132530120482
2026-03-16 00:00:00+00:00,7,0EE317BA7C52,0.9439006024096386,0.001199301985722611,13.0,0.9518072289156626,0.9201807228915663
2026-03-16 00:00:00+00:00,8,060C5773A61B,0.9405120481927711,0.0009187652363396744,26.0,0.9216867469879518,0.9969879518072289
2026-03-16 00:00:00+00:00,9,0AFFC263C0D9,0.9122740963855422,0.0012039764755394438,9.0,0.9548192771084337,0.7846385542168675
2026-03-16 00:00:00+00:00,10,06DAF11BD38F,0.9054969879518073,0.0006979399857947477,17.0,0.8855421686746988,0.9653614457831325
2026-03-16 00:00:00+00:00,11,0E752F1B295C,0.9051204819277108,0.0007060175076637944,15.0,0.8885542168674698,0.9548192771084337
2026-03-16 00:00:00+00:00,12,06C77FEA9550,0.9047439759036144,0.0013226465476372472,8.0,0.963855421686747,0.7274096385542169
2026-03-16 00:00:00+00:00,13,0ABC8E60F4C1,0.9021084337349397,0.000587978426164354,20.0,0.8734939759036144,0.9879518072289156
2026-03-16 00:00:00+00:00,14,02F5CE7705EC,0.8983433734939759,0.000552135544368825,19.0,0.8704819277108434,0.9819277108433735
2026-03-16 00:00:00+00:00,15,02D49A34B2FE,0.8979668674698795,0.0007922231850130681,11.0,0.9096385542168675,0.8629518072289156
2026-03-23 00:00:00+00:00,1,02F5CE7705EC,0.9898343373493976,0.002994040394619051,21.0,0.9909638554216867,0.9864457831325302
2026-03-23 00:00:00+00:00,2,0A182EFD3C61,0.9661144578313253,0.0013900662580528834,23.0,0.9578313253012049,0.9909638554216867
2026-03-23 00:00:00+00:00,3,060C5773A61B,0.9623493975903614,0.0011715959997120014,24.0,0.9518072289156626,0.9939759036144579
2026-03-23 00:00:00+00:00,4,0A78FAF47B00,0.9412650602409638,0.0011039536440547164,13.0,0.9457831325301205,0.927710843373494
2026-03-23 00:00:00+00:00,5,0E3A1141702A,0.9390060240963856,0.0009953601945807786,13.0,0.9427710843373494,0.927710843373494
2026-03-23 00:00:00+00:00,6,0EE587927263,0.9352409638554218,0.0007657694804190189,19.0,0.9216867469879518,0.9759036144578314
2026-03-23 00:00:00+00:00,7,027137436C87,0.9254518072289157,0.0013236759327598588,10.0,0.9548192771084337,0.8373493975903614
2026-03-23 00:00:00+00:00,8,0A4C884F240A,0.9250753012048193,0.0015483473844725036,9.0,0.9668674698795181,0.7996987951807228
2026-03-23 00:00:00+00:00,9,0A0B47664A85,0.9231927710843373,0.005481116408480178,7.0,1.0,0.6927710843373494
2026-03-23 00:00:00+00:00,10,0E1D7CA1DB0C,0.9213102409638554,0.0018933226662453358,8.0,0.9789156626506024,0.7484939759036144
2026-03-23 00:00:00+00:00,11,06AEE181F595,0.911144578313253,0.0006547445066604381,18.0,0.891566265060241,0.9698795180722891
2026-03-23 00:00:00+00:00,12,0EE51B79E853,0.9103915662650602,0.0006510666185871453,19.0,0.8885542168674698,0.9759036144578314
2026-03-23 00:00:00+00:00,13,0E5A9CEA8093,0.9054969879518073,0.0006148653529936026,17.0,0.8855421686746988,0.9653614457831325
2026-03-23 00:00:00+00:00,14,02478CD90F3A,0.9002259036144578,0.0008441391525302112,9.0,0.9337349397590361,0.7996987951807228
2026-03-23 00:00:00+00:00,15,022DB47C41AC,0.8851656626506024,0.0016135714016842523,6.0,0.9698795180722891,0.6310240963855421
